health_zone,date,cumulative_confirmed_cases,days_since_first_case,pop_density,travel_time_to_epicenter,target_outbreak_next_7d
Aru,22/05/2026,1,0,339.2396335,303.6,0
Aru,23/05/2026,1,1,339.2396335,303.6,0
Aru,24/05/2026,1,2,339.2396335,303.6,0
Aru,25/05/2026,1,3,339.2396335,303.6,0
Aru,26/05/2026,1,4,339.2396335,303.6,0
Aru,27/05/2026,1,5,339.2396335,303.6,1
Aru,28/05/2026,2,6,339.2396335,303.6,1
Aru,29/05/2026,2,7,339.2396335,303.6,1
Aru,30/05/2026,2,8,339.2396335,303.6,1
Aru,01/06/2026,2,10,339.2396335,303.6,1
Aru,02/06/2026,2,11,339.2396335,303.6,1
Aru,03/06/2026,2,12,339.2396335,303.6,1
Aru,04/06/2026,3,13,339.2396335,303.6,0
Aru,05/06/2026,3,14,339.2396335,303.6,0
Aru,06/06/2026,3,15,339.2396335,303.6,0
Aru,07/06/2026,3,16,339.2396335,303.6,0
Aru,08/06/2026,3,17,339.2396335,303.6,0
Aru,09/06/2026,3,18,339.2396335,303.6,0
Aru,10/06/2026,3,19,339.2396335,303.6,0
Aru,11/06/2026,3,20,339.2396335,303.6,0
Aru,13/06/2026,3,22,339.2396335,303.6,0
Aru,14/06/2026,3,23,339.2396335,303.6,0
Aru,15/06/2026,3,24,339.2396335,303.6,0
Aru,16/06/2026,3,25,339.2396335,303.6,0
Aru,17/06/2026,3,26,339.2396335,303.6,0
Aru,18/06/2026,3,27,339.2396335,303.6,0
Aru,19/06/2026,3,28,339.2396335,303.6,0
Aru,20/06/2026,3,29,339.2396335,303.6,0
Aru,21/06/2026,3,30,339.2396335,303.6,0
Aru,22/06/2026,3,31,339.2396335,303.6,0
Aru,23/06/2026,3,32,339.2396335,303.6,0
Aru,24/06/2026,3,33,339.2396335,303.6,0
Aru,25/06/2026,3,34,339.2396335,303.6,0
Aru,29/06/2026,3,38,339.2396335,303.6,0
Aru,30/06/2026,3,39,339.2396335,303.6,0
Aru,01/07/2026,3,40,339.2396335,303.6,0
Aru,02/07/2026,3,41,339.2396335,303.6,0
Aru,03/07/2026,3,42,339.2396335,303.6,0
Aru,04/07/2026,3,43,339.2396335,303.6,0
Aru,05/07/2026,3,44,339.2396335,303.6,0
Aru,06/07/2026,3,45,339.2396335,303.6,0
Aru,07/07/2026,3,46,339.2396335,303.6,0
Aru,08/07/2026,3,47,339.2396335,303.6,0
Aru,09/07/2026,3,48,339.2396335,303.6,0
Aru,10/07/2026,3,49,339.2396335,303.6,0
Aungba,28/05/2026,1,0,171.0630753,248,0
Aungba,29/05/2026,1,1,171.0630753,248,0
Aungba,30/05/2026,1,2,171.0630753,248,0
Aungba,01/06/2026,1,4,171.0630753,248,1
Aungba,02/06/2026,1,5,171.0630753,248,1
Aungba,03/06/2026,1,6,171.0630753,248,1
Aungba,04/06/2026,1,7,171.0630753,248,1
Aungba,05/06/2026,1,8,171.0630753,248,1
Aungba,06/06/2026,1,9,171.0630753,248,1
Aungba,07/06/2026,1,10,171.0630753,248,1
Aungba,08/06/2026,2,11,171.0630753,248,0
Aungba,09/06/2026,2,12,171.0630753,248,1
Aungba,10/06/2026,2,13,171.0630753,248,1
Aungba,11/06/2026,2,14,171.0630753,248,1
Aungba,13/06/2026,2,16,171.0630753,248,1
Aungba,14/06/2026,2,17,171.0630753,248,1
Aungba,15/06/2026,2,18,171.0630753,248,1
Aungba,16/06/2026,2,19,171.0630753,248,1
Aungba,17/06/2026,4,20,171.0630753,248,1
Aungba,18/06/2026,6,21,171.0630753,248,0
Aungba,19/06/2026,6,22,171.0630753,248,0
Aungba,20/06/2026,6,23,171.0630753,248,0
Aungba,21/06/2026,6,24,171.0630753,248,0
Aungba,22/06/2026,6,25,171.0630753,248,0
Aungba,23/06/2026,6,26,171.0630753,248,0
Aungba,24/06/2026,6,27,171.0630753,248,0
Aungba,25/06/2026,6,28,171.0630753,248,0
Aungba,29/06/2026,6,32,171.0630753,248,0
Aungba,30/06/2026,6,33,171.0630753,248,0
Aungba,01/07/2026,6,34,171.0630753,248,0
Aungba,02/07/2026,6,35,171.0630753,248,0
Aungba,03/07/2026,6,36,171.0630753,248,0
Aungba,04/07/2026,6,37,171.0630753,248,0
Aungba,05/07/2026,6,38,171.0630753,248,0
Aungba,06/07/2026,6,39,171.0630753,248,0
Aungba,07/07/2026,6,40,171.0630753,248,0
Aungba,08/07/2026,6,41,171.0630753,248,0
Aungba,09/07/2026,6,42,171.0630753,248,0
Aungba,10/07/2026,6,43,171.0630753,248,0
Bambu,20/05/2026,1,0,293.7551135,54.3,0
Bambu,21/05/2026,1,1,293.7551135,54.3,1
Bambu,22/05/2026,1,2,293.7551135,54.3,1
Bambu,23/05/2026,0,3,293.7551135,54.3,1
Bambu,24/05/2026,2,4,293.7551135,54.3,1
Bambu,25/05/2026,0,5,293.7551135,54.3,1
Bambu,26/05/2026,0,6,293.7551135,54.3,1
Bambu,27/05/2026,0,7,293.7551135,54.3,1
Bambu,28/05/2026,2,8,293.7551135,54.3,1
Bambu,29/05/2026,2,9,293.7551135,54.3,1
Bambu,30/05/2026,2,10,293.7551135,54.3,1
Bambu,01/06/2026,2,12,293.7551135,54.3,1
Bambu,02/06/2026,2,13,293.7551135,54.3,1
Bambu,03/06/2026,2,14,293.7551135,54.3,1
Bambu,04/06/2026,5,15,293.7551135,54.3,1
Bambu,05/06/2026,5,16,293.7551135,54.3,1
Bambu,06/06/2026,5,17,293.7551135,54.3,1
Bambu,07/06/2026,5,18,293.7551135,54.3,1
Bambu,08/06/2026,5,19,293.7551135,54.3,1
Bambu,09/06/2026,5,20,293.7551135,54.3,1
Bambu,10/06/2026,7,21,293.7551135,54.3,1
Bambu,11/06/2026,7,22,293.7551135,54.3,1
Bambu,13/06/2026,7,24,293.7551135,54.3,1
Bambu,14/06/2026,7,25,293.7551135,54.3,1
Bambu,15/06/2026,7,26,293.7551135,54.3,1
Bambu,16/06/2026,7,27,293.7551135,54.3,1
Bambu,17/06/2026,9,28,293.7551135,54.3,1
Bambu,18/06/2026,9,29,293.7551135,54.3,1
Bambu,19/06/2026,9,30,293.7551135,54.3,1
Bambu,20/06/2026,14,31,293.7551135,54.3,1
Bambu,21/06/2026,14,32,293.7551135,54.3,1
Bambu,22/06/2026,14,33,293.7551135,54.3,1
Bambu,23/06/2026,14,34,293.7551135,54.3,1
Bambu,24/06/2026,14,35,293.7551135,54.3,1
Bambu,25/06/2026,14,36,293.7551135,54.3,1
Bambu,29/06/2026,16,40,293.7551135,54.3,1
Bambu,30/06/2026,16,41,293.7551135,54.3,1
Bambu,01/07/2026,16,42,293.7551135,54.3,1
Bambu,02/07/2026,18,43,293.7551135,54.3,1
Bambu,03/07/2026,18,44,293.7551135,54.3,1
Bambu,04/07/2026,18,45,293.7551135,54.3,1
Bambu,05/07/2026,25,46,293.7551135,54.3,1
Bambu,06/07/2026,28,47,293.7551135,54.3,1
Bambu,07/07/2026,28,48,293.7551135,54.3,1
Bambu,08/07/2026,29,49,293.7551135,54.3,1
Bambu,09/07/2026,29,50,293.7551135,54.3,1
Bambu,10/07/2026,31,51,293.7551135,54.3,0
Beni,28/05/2026,2,0,583.6948142,189.9,0
Beni,29/05/2026,2,1,583.6948142,189.9,0
Beni,30/05/2026,2,2,583.6948142,189.9,1
Beni,01/06/2026,5,4,583.6948142,189.9,1
Beni,02/06/2026,5,5,583.6948142,189.9,1
Beni,03/06/2026,5,6,583.6948142,189.9,1
Beni,04/06/2026,5,7,583.6948142,189.9,1
Beni,05/06/2026,5,8,583.6948142,189.9,1
Beni,06/06/2026,5,9,583.6948142,189.9,1
Beni,07/06/2026,9,10,583.6948142,189.9,1
Beni,08/06/2026,9,11,583.6948142,189.9,1
Beni,09/06/2026,9,12,583.6948142,189.9,1
Beni,10/06/2026,9,13,583.6948142,189.9,1
Beni,11/06/2026,9,14,583.6948142,189.9,1
Beni,13/06/2026,14,16,583.6948142,189.9,1
Beni,14/06/2026,14,17,583.6948142,189.9,1
Beni,15/06/2026,14,18,583.6948142,189.9,1
Beni,16/06/2026,14,19,583.6948142,189.9,1
Beni,17/06/2026,15,20,583.6948142,189.9,1
Beni,18/06/2026,16,21,583.6948142,189.9,1
Beni,19/06/2026,16,22,583.6948142,189.9,1
Beni,20/06/2026,17,23,583.6948142,189.9,1
Beni,21/06/2026,18,24,583.6948142,189.9,1
Beni,22/06/2026,20,25,583.6948142,189.9,1
Beni,23/06/2026,20,26,583.6948142,189.9,1
Beni,24/06/2026,20,27,583.6948142,189.9,1
Beni,25/06/2026,22,28,583.6948142,189.9,1
Beni,29/06/2026,22,32,583.6948142,189.9,1
Beni,30/06/2026,24,33,583.6948142,189.9,1
Beni,01/07/2026,26,34,583.6948142,189.9,1
Beni,02/07/2026,28,35,583.6948142,189.9,1
Beni,03/07/2026,29,36,583.6948142,189.9,1
Beni,04/07/2026,29,37,583.6948142,189.9,1
Beni,05/07/2026,29,38,583.6948142,189.9,1
Beni,06/07/2026,29,39,583.6948142,189.9,1
Beni,07/07/2026,29,40,583.6948142,189.9,1
Beni,08/07/2026,29,41,583.6948142,189.9,1
Beni,09/07/2026,30,42,583.6948142,189.9,0
Beni,10/07/2026,30,43,583.6948142,189.9,0
Bunia,15/05/2026,0,0,4336.145734,0,0
Bunia,18/05/2026,6,0,4336.145734,0,0
Bunia,19/05/2026,6,1,4336.145734,0,1
Bunia,20/05/2026,11,2,4336.145734,0,1
Bunia,21/05/2026,15,3,4336.145734,0,1
Bunia,22/05/2026,23,4,4336.145734,0,1
Bunia,23/05/2026,24,5,4336.145734,0,1
Bunia,24/05/2026,24,6,4336.145734,0,1
Bunia,25/05/2026,24,7,4336.145734,0,1
Bunia,26/05/2026,36,8,4336.145734,0,1
Bunia,27/05/2026,37,9,4336.145734,0,1
Bunia,28/05/2026,80,10,4336.145734,0,1
Bunia,29/05/2026,80,11,4336.145734,0,1
Bunia,30/05/2026,80,12,4336.145734,0,1
Bunia,01/06/2026,80,14,4336.145734,0,1
Bunia,02/06/2026,85,15,4336.145734,0,1
Bunia,03/06/2026,97,16,4336.145734,0,1
Bunia,04/06/2026,123,17,4336.145734,0,1
Bunia,05/06/2026,138,18,4336.145734,0,1
Bunia,06/06/2026,142,19,4336.145734,0,1
Bunia,07/06/2026,152,20,4336.145734,0,1
Bunia,08/06/2026,163,21,4336.145734,0,1
Bunia,09/06/2026,173,22,4336.145734,0,1
Bunia,10/06/2026,185,23,4336.145734,0,1
Bunia,11/06/2026,191,24,4336.145734,0,1
Bunia,13/06/2026,212,26,4336.145734,0,1
Bunia,14/06/2026,215,27,4336.145734,0,1
Bunia,15/06/2026,215,28,4336.145734,0,1
Bunia,16/06/2026,226,29,4336.145734,0,1
Bunia,17/06/2026,247,30,4336.145734,0,1
Bunia,18/06/2026,253,31,4336.145734,0,1
Bunia,19/06/2026,259,32,4336.145734,0,1
Bunia,20/06/2026,275,33,4336.145734,0,1
Bunia,21/06/2026,285,34,4336.145734,0,1
Bunia,22/06/2026,296,35,4336.145734,0,1
Bunia,23/06/2026,304,36,4336.145734,0,1
Bunia,24/06/2026,314,37,4336.145734,0,1
Bunia,25/06/2026,323,38,4336.145734,0,1
Bunia,29/06/2026,358,42,4336.145734,0,1
Bunia,30/06/2026,387,43,4336.145734,0,1
Bunia,01/07/2026,416,44,4336.145734,0,1
Bunia,02/07/2026,426,45,4336.145734,0,1
Bunia,03/07/2026,431,46,4336.145734,0,1
Bunia,04/07/2026,438,47,4336.145734,0,1
Bunia,05/07/2026,452,48,4336.145734,0,1
Bunia,06/07/2026,472,49,4336.145734,0,1
Bunia,07/07/2026,483,50,4336.145734,0,1
Bunia,08/07/2026,487,51,4336.145734,0,1
Bunia,09/07/2026,495,52,4336.145734,0,1
Bunia,10/07/2026,503,53,4336.145734,0,1
Butembo,18/05/2026,1,0,3648.622162,245.1,0
Butembo,19/05/2026,1,1,3648.622162,245.1,0
Butembo,20/05/2026,1,2,3648.622162,245.1,1
Butembo,21/05/2026,2,3,3648.622162,245.1,1
Butembo,22/05/2026,2,4,3648.622162,245.1,1
Butembo,23/05/2026,1,5,3648.622162,245.1,1
Butembo,24/05/2026,3,6,3648.622162,245.1,1
Butembo,25/05/2026,3,7,3648.622162,245.1,1
Butembo,26/05/2026,3,8,3648.622162,245.1,1
Butembo,27/05/2026,5,9,3648.622162,245.1,1
Butembo,28/05/2026,5,10,3648.622162,245.1,1
Butembo,29/05/2026,5,11,3648.622162,245.1,1
Butembo,30/05/2026,5,12,3648.622162,245.1,1
Butembo,01/06/2026,2,14,3648.622162,245.1,1
Butembo,02/06/2026,2,15,3648.622162,245.1,1
Butembo,03/06/2026,2,16,3648.622162,245.1,1
Butembo,04/06/2026,4,17,3648.622162,245.1,1
Butembo,05/06/2026,4,18,3648.622162,245.1,1
Butembo,06/06/2026,4,19,3648.622162,245.1,1
Butembo,07/06/2026,4,20,3648.622162,245.1,1
Butembo,08/06/2026,6,21,3648.622162,245.1,1
Butembo,09/06/2026,6,22,3648.622162,245.1,1
Butembo,10/06/2026,9,23,3648.622162,245.1,1
Butembo,11/06/2026,7,24,3648.622162,245.1,1
Butembo,13/06/2026,18,26,3648.622162,245.1,1
Butembo,14/06/2026,19,27,3648.622162,245.1,1
Butembo,15/06/2026,19,28,3648.622162,245.1,1
Butembo,16/06/2026,24,29,3648.622162,245.1,1
Butembo,17/06/2026,25,30,3648.622162,245.1,1
Butembo,18/06/2026,25,31,3648.622162,245.1,1
Butembo,19/06/2026,25,32,3648.622162,245.1,1
Butembo,20/06/2026,27,33,3648.622162,245.1,1
Butembo,21/06/2026,28,34,3648.622162,245.1,1
Butembo,22/06/2026,28,35,3648.622162,245.1,1
Butembo,23/06/2026,29,36,3648.622162,245.1,1
Butembo,24/06/2026,31,37,3648.622162,245.1,1
Butembo,25/06/2026,33,38,3648.622162,245.1,1
Butembo,29/06/2026,34,42,3648.622162,245.1,1
Butembo,30/06/2026,34,43,3648.622162,245.1,1
Butembo,01/07/2026,34,44,3648.622162,245.1,1
Butembo,02/07/2026,38,45,3648.622162,245.1,1
Butembo,03/07/2026,40,46,3648.622162,245.1,1
Butembo,04/07/2026,40,47,3648.622162,245.1,1
Butembo,05/07/2026,40,48,3648.622162,245.1,1
Butembo,06/07/2026,41,49,3648.622162,245.1,1
Butembo,07/07/2026,42,50,3648.622162,245.1,1
Butembo,08/07/2026,42,51,3648.622162,245.1,1
Butembo,09/07/2026,43,52,3648.622162,245.1,1
Butembo,10/07/2026,43,53,3648.622162,245.1,1
Damas,26/05/2026,0,0,53.18510803,154.1,1
Damas,27/05/2026,0,0,53.18510803,154.1,1
Damas,28/05/2026,1,0,53.18510803,154.1,1
Damas,29/05/2026,1,1,53.18510803,154.1,1
Damas,30/05/2026,1,2,53.18510803,154.1,1
Damas,01/06/2026,1,4,53.18510803,154.1,1
Damas,02/06/2026,2,5,53.18510803,154.1,1
Damas,03/06/2026,3,6,53.18510803,154.1,0
Damas,04/06/2026,3,7,53.18510803,154.1,0
Damas,05/06/2026,3,8,53.18510803,154.1,1
Damas,06/06/2026,3,9,53.18510803,154.1,1
Damas,07/06/2026,3,10,53.18510803,154.1,1
Damas,08/06/2026,3,11,53.18510803,154.1,1
Damas,09/06/2026,3,12,53.18510803,154.1,1
Damas,10/06/2026,3,13,53.18510803,154.1,1
Damas,11/06/2026,3,14,53.18510803,154.1,1
Damas,13/06/2026,4,16,53.18510803,154.1,0
Damas,14/06/2026,4,17,53.18510803,154.1,0
Damas,15/06/2026,4,18,53.18510803,154.1,0
Damas,16/06/2026,4,19,53.18510803,154.1,0
Damas,17/06/2026,4,20,53.18510803,154.1,0
Damas,18/06/2026,4,21,53.18510803,154.1,0
Damas,19/06/2026,4,22,53.18510803,154.1,1
Damas,20/06/2026,4,23,53.18510803,154.1,1
Damas,21/06/2026,4,24,53.18510803,154.1,1
Damas,22/06/2026,4,25,53.18510803,154.1,1
Damas,23/06/2026,4,26,53.18510803,154.1,1
Damas,24/06/2026,4,27,53.18510803,154.1,1
Damas,25/06/2026,4,28,53.18510803,154.1,1
Damas,29/06/2026,5,32,53.18510803,154.1,0
Damas,30/06/2026,5,33,53.18510803,154.1,0
Damas,01/07/2026,5,34,53.18510803,154.1,0
Damas,02/07/2026,5,35,53.18510803,154.1,0
Damas,03/07/2026,5,36,53.18510803,154.1,0
Damas,04/07/2026,5,37,53.18510803,154.1,0
Damas,05/07/2026,5,38,53.18510803,154.1,0
Damas,06/07/2026,5,39,53.18510803,154.1,0
Damas,07/07/2026,5,40,53.18510803,154.1,0
Damas,08/07/2026,5,41,53.18510803,154.1,0
Damas,09/07/2026,5,42,53.18510803,154.1,0
Damas,10/07/2026,5,43,53.18510803,154.1,0
Drodro,17/06/2026,1,0,349.7340332,61.3,0
Drodro,18/06/2026,1,1,349.7340332,61.3,0
Drodro,19/06/2026,1,2,349.7340332,61.3,1
Drodro,20/06/2026,1,3,349.7340332,61.3,1
Drodro,21/06/2026,1,4,349.7340332,61.3,1
Drodro,22/06/2026,1,5,349.7340332,61.3,1
Drodro,23/06/2026,1,6,349.7340332,61.3,1
Drodro,24/06/2026,1,7,349.7340332,61.3,1
Drodro,25/06/2026,1,8,349.7340332,61.3,1
Drodro,29/06/2026,3,12,349.7340332,61.3,0
Drodro,30/06/2026,3,13,349.7340332,61.3,0
Drodro,01/07/2026,3,14,349.7340332,61.3,0
Drodro,02/07/2026,3,15,349.7340332,61.3,0
Drodro,03/07/2026,3,16,349.7340332,61.3,1
Drodro,04/07/2026,3,17,349.7340332,61.3,1
Drodro,05/07/2026,3,18,349.7340332,61.3,1
Drodro,06/07/2026,3,19,349.7340332,61.3,1
Drodro,07/07/2026,3,20,349.7340332,61.3,1
Drodro,08/07/2026,3,21,349.7340332,61.3,1
Drodro,09/07/2026,3,22,349.7340332,61.3,1
Drodro,10/07/2026,4,23,349.7340332,61.3,0
Fataki,26/05/2026,0,0,374.843917,96.3,0
Fataki,27/05/2026,0,0,374.843917,96.3,0
Fataki,16/06/2026,1,0,374.843917,96.3,0
Fataki,17/06/2026,1,1,374.843917,96.3,0
Fataki,18/06/2026,1,2,374.843917,96.3,0
Fataki,19/06/2026,1,3,374.843917,96.3,0
Fataki,20/06/2026,1,4,374.843917,96.3,0
Fataki,21/06/2026,1,5,374.843917,96.3,0
Fataki,22/06/2026,1,6,374.843917,96.3,0
Fataki,23/06/2026,1,7,374.843917,96.3,0
Fataki,24/06/2026,1,8,374.843917,96.3,0
Fataki,25/06/2026,1,9,374.843917,96.3,1
Fataki,29/06/2026,1,13,374.843917,96.3,1
Fataki,30/06/2026,1,14,374.843917,96.3,1
Fataki,01/07/2026,1,15,374.843917,96.3,1
Fataki,02/07/2026,1,16,374.843917,96.3,1
Fataki,03/07/2026,1,17,374.843917,96.3,1
Fataki,04/07/2026,1,18,374.843917,96.3,1
Fataki,05/07/2026,2,19,374.843917,96.3,1
Fataki,06/07/2026,3,20,374.843917,96.3,1
Fataki,07/07/2026,4,21,374.843917,96.3,0
Fataki,08/07/2026,4,22,374.843917,96.3,0
Fataki,09/07/2026,4,23,374.843917,96.3,0
Fataki,10/07/2026,4,24,374.843917,96.3,0
Gety,28/05/2026,1,0,86.02993139,84.5,0
Gety,29/05/2026,1,1,86.02993139,84.5,0
Gety,30/05/2026,1,2,86.02993139,84.5,0
Gety,01/06/2026,1,4,86.02993139,84.5,0
Gety,02/06/2026,1,5,86.02993139,84.5,0
Gety,03/06/2026,1,6,86.02993139,84.5,0
Gety,04/06/2026,1,7,86.02993139,84.5,0
Gety,05/06/2026,1,8,86.02993139,84.5,0
Gety,06/06/2026,1,9,86.02993139,84.5,0
Gety,07/06/2026,1,10,86.02993139,84.5,0
Gety,08/06/2026,1,11,86.02993139,84.5,0
Gety,09/06/2026,1,12,86.02993139,84.5,0
Gety,10/06/2026,1,13,86.02993139,84.5,0
Gety,11/06/2026,1,14,86.02993139,84.5,0
Gety,13/06/2026,1,16,86.02993139,84.5,0
Gety,14/06/2026,1,17,86.02993139,84.5,0
Gety,15/06/2026,1,18,86.02993139,84.5,0
Gety,16/06/2026,1,19,86.02993139,84.5,0
Gety,17/06/2026,1,20,86.02993139,84.5,0
Gety,18/06/2026,1,21,86.02993139,84.5,0
Gety,19/06/2026,1,22,86.02993139,84.5,0
Gety,20/06/2026,1,23,86.02993139,84.5,0
Gety,21/06/2026,1,24,86.02993139,84.5,0
Gety,22/06/2026,1,25,86.02993139,84.5,0
Gety,23/06/2026,1,26,86.02993139,84.5,0
Gety,24/06/2026,1,27,86.02993139,84.5,0
Gety,25/06/2026,1,28,86.02993139,84.5,0
Gety,29/06/2026,1,32,86.02993139,84.5,0
Gety,30/06/2026,1,33,86.02993139,84.5,0
Gety,01/07/2026,1,34,86.02993139,84.5,0
Gety,02/07/2026,1,35,86.02993139,84.5,0
Gety,03/07/2026,1,36,86.02993139,84.5,0
Gety,04/07/2026,1,37,86.02993139,84.5,0
Gety,05/07/2026,1,38,86.02993139,84.5,0
Gety,06/07/2026,1,39,86.02993139,84.5,0
Gety,07/07/2026,1,40,86.02993139,84.5,0
Gety,08/07/2026,1,41,86.02993139,84.5,0
Gety,09/07/2026,1,42,86.02993139,84.5,0
Gety,10/07/2026,1,43,86.02993139,84.5,0
Goma,18/05/2026,1,0,8413.395781,466.9,0
Goma,19/05/2026,1,1,8413.395781,466.9,0
Goma,20/05/2026,1,2,8413.395781,466.9,0
Goma,21/05/2026,1,3,8413.395781,466.9,0
Goma,22/05/2026,1,4,8413.395781,466.9,0
Goma,23/05/2026,1,5,8413.395781,466.9,0
Goma,24/05/2026,1,6,8413.395781,466.9,0
Goma,25/05/2026,1,7,8413.395781,466.9,0
Goma,26/05/2026,1,8,8413.395781,466.9,0
Goma,27/05/2026,1,9,8413.395781,466.9,0
Goma,28/05/2026,1,10,8413.395781,466.9,0
Goma,29/05/2026,1,11,8413.395781,466.9,0
Goma,30/05/2026,1,12,8413.395781,466.9,0
Goma,01/06/2026,1,14,8413.395781,466.9,0
Goma,02/06/2026,1,15,8413.395781,466.9,0
Goma,03/06/2026,1,16,8413.395781,466.9,0
Goma,04/06/2026,1,17,8413.395781,466.9,0
Goma,05/06/2026,1,18,8413.395781,466.9,0
Goma,06/06/2026,1,19,8413.395781,466.9,0
Goma,07/06/2026,1,20,8413.395781,466.9,0
Goma,08/06/2026,1,21,8413.395781,466.9,0
Goma,09/06/2026,1,22,8413.395781,466.9,0
Goma,10/06/2026,1,23,8413.395781,466.9,0
Goma,11/06/2026,1,24,8413.395781,466.9,0
Goma,13/06/2026,1,26,8413.395781,466.9,0
Goma,14/06/2026,1,27,8413.395781,466.9,0
Goma,15/06/2026,1,28,8413.395781,466.9,0
Goma,16/06/2026,1,29,8413.395781,466.9,0
Goma,17/06/2026,1,30,8413.395781,466.9,0
Goma,18/06/2026,1,31,8413.395781,466.9,0
Goma,19/06/2026,1,32,8413.395781,466.9,0
Goma,20/06/2026,1,33,8413.395781,466.9,0
Goma,21/06/2026,1,34,8413.395781,466.9,0
Goma,22/06/2026,1,35,8413.395781,466.9,1
Goma,23/06/2026,1,36,8413.395781,466.9,1
Goma,24/06/2026,1,37,8413.395781,466.9,1
Goma,25/06/2026,1,38,8413.395781,466.9,1
Goma,29/06/2026,1,42,8413.395781,466.9,1
Goma,30/06/2026,1,43,8413.395781,466.9,1
Goma,01/07/2026,1,44,8413.395781,466.9,1
Goma,02/07/2026,2,45,8413.395781,466.9,0
Goma,03/07/2026,1,46,8413.395781,466.9,0
Goma,04/07/2026,1,47,8413.395781,466.9,0
Goma,05/07/2026,1,48,8413.395781,466.9,0
Goma,06/07/2026,1,49,8413.395781,466.9,0
Goma,07/07/2026,1,50,8413.395781,466.9,0
Goma,08/07/2026,1,51,8413.395781,466.9,0
Goma,09/07/2026,1,52,8413.395781,466.9,0
Goma,10/07/2026,1,53,8413.395781,466.9,0
Kalunguta,24/05/2026,1,0,217.2914531,208.7,0
Kalunguta,25/05/2026,1,1,217.2914531,208.7,0
Kalunguta,26/05/2026,1,2,217.2914531,208.7,0
Kalunguta,27/05/2026,2,3,217.2914531,208.7,0
Kalunguta,28/05/2026,1,4,217.2914531,208.7,0
Kalunguta,29/05/2026,1,5,217.2914531,208.7,0
Kalunguta,30/05/2026,1,6,217.2914531,208.7,0
Kalunguta,01/06/2026,1,8,217.2914531,208.7,0
Kalunguta,02/06/2026,1,9,217.2914531,208.7,0
Kalunguta,03/06/2026,1,10,217.2914531,208.7,0
Kalunguta,04/06/2026,1,11,217.2914531,208.7,0
Kalunguta,05/06/2026,1,12,217.2914531,208.7,0
Kalunguta,06/06/2026,1,13,217.2914531,208.7,0
Kalunguta,07/06/2026,1,14,217.2914531,208.7,0
Kalunguta,08/06/2026,1,15,217.2914531,208.7,1
Kalunguta,09/06/2026,1,16,217.2914531,208.7,1
Kalunguta,10/06/2026,1,17,217.2914531,208.7,1
Kalunguta,11/06/2026,1,18,217.2914531,208.7,1
Kalunguta,13/06/2026,1,20,217.2914531,208.7,1
Kalunguta,14/06/2026,1,21,217.2914531,208.7,1
Kalunguta,15/06/2026,1,22,217.2914531,208.7,1
Kalunguta,16/06/2026,2,23,217.2914531,208.7,0
Kalunguta,17/06/2026,2,24,217.2914531,208.7,0
Kalunguta,18/06/2026,2,25,217.2914531,208.7,0
Kalunguta,19/06/2026,2,26,217.2914531,208.7,0
Kalunguta,20/06/2026,2,27,217.2914531,208.7,0
Kalunguta,21/06/2026,2,28,217.2914531,208.7,0
Kalunguta,22/06/2026,2,29,217.2914531,208.7,0
Kalunguta,23/06/2026,2,30,217.2914531,208.7,0
Kalunguta,24/06/2026,2,31,217.2914531,208.7,0
Kalunguta,25/06/2026,2,32,217.2914531,208.7,0
Kalunguta,29/06/2026,2,36,217.2914531,208.7,0
Kalunguta,30/06/2026,2,37,217.2914531,208.7,0
Kalunguta,01/07/2026,2,38,217.2914531,208.7,0
Kalunguta,02/07/2026,2,39,217.2914531,208.7,0
Kalunguta,03/07/2026,2,40,217.2914531,208.7,0
Kalunguta,04/07/2026,2,41,217.2914531,208.7,0
Kalunguta,05/07/2026,2,42,217.2914531,208.7,0
Kalunguta,06/07/2026,2,43,217.2914531,208.7,0
Kalunguta,07/07/2026,2,44,217.2914531,208.7,0
Kalunguta,08/07/2026,2,45,217.2914531,208.7,0
Kalunguta,09/07/2026,2,46,217.2914531,208.7,0
Kalunguta,10/07/2026,2,47,217.2914531,208.7,0
Kambala,10/06/2026,1,0,113.6355897,187.7,0
Kambala,11/06/2026,1,1,113.6355897,187.7,0
Kambala,13/06/2026,1,3,113.6355897,187.7,0
Kambala,14/06/2026,1,4,113.6355897,187.7,0
Kambala,15/06/2026,1,5,113.6355897,187.7,0
Kambala,16/06/2026,1,6,113.6355897,187.7,0
Kambala,17/06/2026,1,7,113.6355897,187.7,0
Kambala,18/06/2026,1,8,113.6355897,187.7,0
Kambala,19/06/2026,1,9,113.6355897,187.7,0
Kambala,20/06/2026,1,10,113.6355897,187.7,1
Kambala,21/06/2026,1,11,113.6355897,187.7,1
Kambala,22/06/2026,1,12,113.6355897,187.7,1
Kambala,23/06/2026,1,13,113.6355897,187.7,1
Kambala,24/06/2026,1,14,113.6355897,187.7,1
Kambala,25/06/2026,1,15,113.6355897,187.7,1
Kambala,29/06/2026,1,19,113.6355897,187.7,1
Kambala,30/06/2026,2,20,113.6355897,187.7,0
Kambala,01/07/2026,2,21,113.6355897,187.7,0
Kambala,02/07/2026,2,22,113.6355897,187.7,0
Kambala,03/07/2026,2,23,113.6355897,187.7,0
Kambala,04/07/2026,2,24,113.6355897,187.7,0
Kambala,05/07/2026,2,25,113.6355897,187.7,0
Kambala,06/07/2026,2,26,113.6355897,187.7,0
Kambala,07/07/2026,2,27,113.6355897,187.7,0
Kambala,08/07/2026,2,28,113.6355897,187.7,0
Kambala,09/07/2026,2,29,113.6355897,187.7,0
Kambala,10/07/2026,2,30,113.6355897,187.7,0
Katwa,18/05/2026,1,0,7809.377799,242.1,0
Katwa,19/05/2026,1,1,7809.377799,242.1,0
Katwa,20/05/2026,1,2,7809.377799,242.1,0
Katwa,21/05/2026,1,3,7809.377799,242.1,0
Katwa,22/05/2026,0,4,7809.377799,242.1,0
Katwa,23/05/2026,4,5,7809.377799,242.1,1
Katwa,24/05/2026,4,6,7809.377799,242.1,1
Katwa,25/05/2026,4,7,7809.377799,242.1,1
Katwa,27/05/2026,4,9,7809.377799,242.1,1
Katwa,28/05/2026,4,10,7809.377799,242.1,1
Katwa,29/05/2026,4,11,7809.377799,242.1,1
Katwa,30/05/2026,4,12,7809.377799,242.1,1
Katwa,01/06/2026,7,14,7809.377799,242.1,1
Katwa,02/06/2026,7,15,7809.377799,242.1,1
Katwa,03/06/2026,7,16,7809.377799,242.1,1
Katwa,04/06/2026,11,17,7809.377799,242.1,1
Katwa,05/06/2026,11,18,7809.377799,242.1,1
Katwa,06/06/2026,11,19,7809.377799,242.1,1
Katwa,07/06/2026,11,20,7809.377799,242.1,1
Katwa,08/06/2026,12,21,7809.377799,242.1,1
Katwa,09/06/2026,12,22,7809.377799,242.1,1
Katwa,10/06/2026,18,23,7809.377799,242.1,1
Katwa,11/06/2026,16,24,7809.377799,242.1,1
Katwa,13/06/2026,21,26,7809.377799,242.1,1
Katwa,14/06/2026,25,27,7809.377799,242.1,1
Katwa,15/06/2026,25,28,7809.377799,242.1,1
Katwa,16/06/2026,23,29,7809.377799,242.1,1
Katwa,17/06/2026,24,30,7809.377799,242.1,1
Katwa,18/06/2026,24,31,7809.377799,242.1,1
Katwa,19/06/2026,26,32,7809.377799,242.1,1
Katwa,20/06/2026,28,33,7809.377799,242.1,1
Katwa,21/06/2026,31,34,7809.377799,242.1,1
Katwa,22/06/2026,32,35,7809.377799,242.1,1
Katwa,23/06/2026,32,36,7809.377799,242.1,1
Katwa,24/06/2026,33,37,7809.377799,242.1,1
Katwa,25/06/2026,35,38,7809.377799,242.1,1
Katwa,29/06/2026,45,42,7809.377799,242.1,1
Katwa,30/06/2026,47,43,7809.377799,242.1,1
Katwa,01/07/2026,49,44,7809.377799,242.1,1
Katwa,02/07/2026,51,45,7809.377799,242.1,1
Katwa,03/07/2026,51,46,7809.377799,242.1,1
Katwa,04/07/2026,52,47,7809.377799,242.1,1
Katwa,05/07/2026,52,48,7809.377799,242.1,1
Katwa,06/07/2026,56,49,7809.377799,242.1,1
Katwa,07/07/2026,61,50,7809.377799,242.1,1
Katwa,08/07/2026,61,51,7809.377799,242.1,1
Katwa,09/07/2026,66,52,7809.377799,242.1,1
Katwa,10/07/2026,67,53,7809.377799,242.1,1
Kilo,21/05/2026,1,0,107.5461996,74,1
Kilo,22/05/2026,1,1,107.5461996,74,1
Kilo,23/05/2026,1,2,107.5461996,74,1
Kilo,24/05/2026,1,3,107.5461996,74,1
Kilo,25/05/2026,1,4,107.5461996,74,1
Kilo,26/05/2026,1,5,107.5461996,74,1
Kilo,27/05/2026,1,6,107.5461996,74,1
Kilo,28/05/2026,2,7,107.5461996,74,1
Kilo,29/05/2026,2,8,107.5461996,74,1
Kilo,30/05/2026,2,9,107.5461996,74,1
Kilo,01/06/2026,2,11,107.5461996,74,1
Kilo,02/06/2026,2,12,107.5461996,74,1
Kilo,03/06/2026,2,13,107.5461996,74,1
Kilo,04/06/2026,3,14,107.5461996,74,1
Kilo,05/06/2026,4,15,107.5461996,74,0
Kilo,06/06/2026,4,16,107.5461996,74,0
Kilo,07/06/2026,4,17,107.5461996,74,0
Kilo,08/06/2026,4,18,107.5461996,74,0
Kilo,09/06/2026,4,19,107.5461996,74,1
Kilo,10/06/2026,4,20,107.5461996,74,1
Kilo,11/06/2026,4,21,107.5461996,74,1
Kilo,13/06/2026,4,23,107.5461996,74,1
Kilo,14/06/2026,4,24,107.5461996,74,1
Kilo,15/06/2026,4,25,107.5461996,74,1
Kilo,16/06/2026,4,26,107.5461996,74,1
Kilo,17/06/2026,7,27,107.5461996,74,1
Kilo,18/06/2026,7,28,107.5461996,74,1
Kilo,19/06/2026,7,29,107.5461996,74,1
Kilo,20/06/2026,7,30,107.5461996,74,1
Kilo,21/06/2026,7,31,107.5461996,74,1
Kilo,22/06/2026,7,32,107.5461996,74,1
Kilo,23/06/2026,7,33,107.5461996,74,1
Kilo,24/06/2026,9,34,107.5461996,74,0
Kilo,25/06/2026,9,35,107.5461996,74,0
Kilo,29/06/2026,9,39,107.5461996,74,0
Kilo,30/06/2026,9,40,107.5461996,74,0
Kilo,01/07/2026,9,41,107.5461996,74,0
Kilo,02/07/2026,9,42,107.5461996,74,0
Kilo,03/07/2026,9,43,107.5461996,74,0
Kilo,04/07/2026,9,44,107.5461996,74,0
Kilo,05/07/2026,9,45,107.5461996,74,0
Kilo,06/07/2026,9,46,107.5461996,74,0
Kilo,07/07/2026,9,47,107.5461996,74,0
Kilo,08/07/2026,9,48,107.5461996,74,0
Kilo,09/07/2026,9,49,107.5461996,74,0
Kilo,10/07/2026,9,50,107.5461996,74,0
Komanda,28/05/2026,1,0,69.50135954,129.1,0
Komanda,29/05/2026,1,1,69.50135954,129.1,0
Komanda,30/05/2026,1,2,69.50135954,129.1,0
Komanda,01/06/2026,1,4,69.50135954,129.1,0
Komanda,02/06/2026,1,5,69.50135954,129.1,0
Komanda,03/06/2026,1,6,69.50135954,129.1,0
Komanda,04/06/2026,3,7,69.50135954,129.1,0
Komanda,05/06/2026,3,8,69.50135954,129.1,1
Komanda,06/06/2026,3,9,69.50135954,129.1,1
Komanda,07/06/2026,3,10,69.50135954,129.1,1
Komanda,08/06/2026,3,11,69.50135954,129.1,1
Komanda,09/06/2026,3,12,69.50135954,129.1,1
Komanda,10/06/2026,3,13,69.50135954,129.1,1
Komanda,11/06/2026,3,14,69.50135954,129.1,1
Komanda,13/06/2026,6,16,69.50135954,129.1,1
Komanda,14/06/2026,6,17,69.50135954,129.1,1
Komanda,15/06/2026,7,18,69.50135954,129.1,1
Komanda,16/06/2026,7,19,69.50135954,129.1,1
Komanda,17/06/2026,10,20,69.50135954,129.1,1
Komanda,18/06/2026,10,21,69.50135954,129.1,1
Komanda,19/06/2026,10,22,69.50135954,129.1,1
Komanda,20/06/2026,10,23,69.50135954,129.1,1
Komanda,21/06/2026,10,24,69.50135954,129.1,1
Komanda,22/06/2026,10,25,69.50135954,129.1,1
Komanda,23/06/2026,13,26,69.50135954,129.1,1
Komanda,24/06/2026,13,27,69.50135954,129.1,1
Komanda,25/06/2026,13,28,69.50135954,129.1,1
Komanda,29/06/2026,16,32,69.50135954,129.1,1
Komanda,30/06/2026,18,33,69.50135954,129.1,1
Komanda,01/07/2026,19,34,69.50135954,129.1,1
Komanda,02/07/2026,19,35,69.50135954,129.1,1
Komanda,03/07/2026,19,36,69.50135954,129.1,1
Komanda,04/07/2026,22,37,69.50135954,129.1,1
Komanda,05/07/2026,22,38,69.50135954,129.1,1
Komanda,06/07/2026,23,39,69.50135954,129.1,1
Komanda,07/07/2026,23,40,69.50135954,129.1,1
Komanda,08/07/2026,23,41,69.50135954,129.1,1
Komanda,09/07/2026,25,42,69.50135954,129.1,1
Komanda,10/07/2026,25,43,69.50135954,129.1,1
Kyondo,25/05/2026,1,0,287.2096961,291.9,0
Kyondo,26/05/2026,1,1,287.2096961,291.9,0
Kyondo,27/05/2026,0,2,287.2096961,291.9,0
Kyondo,28/05/2026,1,3,287.2096961,291.9,0
Kyondo,29/05/2026,1,4,287.2096961,291.9,0
Kyondo,30/05/2026,1,5,287.2096961,291.9,0
Kyondo,01/06/2026,1,7,287.2096961,291.9,0
Kyondo,02/06/2026,1,8,287.2096961,291.9,0
Kyondo,03/06/2026,1,9,287.2096961,291.9,1
Kyondo,04/06/2026,1,10,287.2096961,291.9,1
Kyondo,05/06/2026,1,11,287.2096961,291.9,1
Kyondo,06/06/2026,1,12,287.2096961,291.9,1
Kyondo,07/06/2026,1,13,287.2096961,291.9,1
Kyondo,08/06/2026,1,14,287.2096961,291.9,1
Kyondo,09/06/2026,1,15,287.2096961,291.9,1
Kyondo,10/06/2026,2,16,287.2096961,291.9,0
Kyondo,11/06/2026,2,17,287.2096961,291.9,0
Kyondo,13/06/2026,2,19,287.2096961,291.9,0
Kyondo,14/06/2026,2,20,287.2096961,291.9,1
Kyondo,15/06/2026,2,21,287.2096961,291.9,1
Kyondo,16/06/2026,2,22,287.2096961,291.9,1
Kyondo,17/06/2026,2,23,287.2096961,291.9,1
Kyondo,18/06/2026,2,24,287.2096961,291.9,1
Kyondo,19/06/2026,2,25,287.2096961,291.9,1
Kyondo,20/06/2026,2,26,287.2096961,291.9,1
Kyondo,21/06/2026,3,27,287.2096961,291.9,0
Kyondo,22/06/2026,3,28,287.2096961,291.9,0
Kyondo,23/06/2026,3,29,287.2096961,291.9,1
Kyondo,24/06/2026,3,30,287.2096961,291.9,1
Kyondo,25/06/2026,3,31,287.2096961,291.9,1
Kyondo,29/06/2026,3,35,287.2096961,291.9,1
Kyondo,30/06/2026,3,36,287.2096961,291.9,1
Kyondo,01/07/2026,3,37,287.2096961,291.9,1
Kyondo,02/07/2026,3,38,287.2096961,291.9,1
Kyondo,03/07/2026,4,39,287.2096961,291.9,1
Kyondo,04/07/2026,4,40,287.2096961,291.9,1
Kyondo,05/07/2026,4,41,287.2096961,291.9,1
Kyondo,06/07/2026,4,42,287.2096961,291.9,1
Kyondo,07/07/2026,4,43,287.2096961,291.9,1
Kyondo,08/07/2026,4,44,287.2096961,291.9,1
Kyondo,09/07/2026,5,45,287.2096961,291.9,1
Kyondo,10/07/2026,5,46,287.2096961,291.9,1
Lita,28/05/2026,1,0,228.6282537,48.1,1
Lita,29/05/2026,1,1,228.6282537,48.1,1
Lita,30/05/2026,1,2,228.6282537,48.1,1
Lita,01/06/2026,1,4,228.6282537,48.1,1
Lita,02/06/2026,1,5,228.6282537,48.1,1
Lita,03/06/2026,2,6,228.6282537,48.1,1
Lita,04/06/2026,3,7,228.6282537,48.1,1
Lita,05/06/2026,4,8,228.6282537,48.1,1
Lita,06/06/2026,4,9,228.6282537,48.1,1
Lita,07/06/2026,4,10,228.6282537,48.1,1
Lita,08/06/2026,4,11,228.6282537,48.1,1
Lita,09/06/2026,5,12,228.6282537,48.1,1
Lita,10/06/2026,6,13,228.6282537,48.1,1
Lita,11/06/2026,6,14,228.6282537,48.1,1
Lita,13/06/2026,6,16,228.6282537,48.1,1
Lita,14/06/2026,6,17,228.6282537,48.1,1
Lita,15/06/2026,9,18,228.6282537,48.1,1
Lita,16/06/2026,9,19,228.6282537,48.1,1
Lita,17/06/2026,18,20,228.6282537,48.1,1
Lita,18/06/2026,20,21,228.6282537,48.1,1
Lita,19/06/2026,20,22,228.6282537,48.1,1
Lita,20/06/2026,20,23,228.6282537,48.1,1
Lita,21/06/2026,21,24,228.6282537,48.1,1
Lita,22/06/2026,24,25,228.6282537,48.1,1
Lita,23/06/2026,26,26,228.6282537,48.1,1
Lita,24/06/2026,26,27,228.6282537,48.1,1
Lita,25/06/2026,26,28,228.6282537,48.1,1
Lita,29/06/2026,29,32,228.6282537,48.1,1
Lita,30/06/2026,29,33,228.6282537,48.1,1
Lita,01/07/2026,32,34,228.6282537,48.1,1
Lita,02/07/2026,33,35,228.6282537,48.1,1
Lita,03/07/2026,33,36,228.6282537,48.1,1
Lita,04/07/2026,33,37,228.6282537,48.1,1
Lita,05/07/2026,33,38,228.6282537,48.1,1
Lita,06/07/2026,40,39,228.6282537,48.1,1
Lita,07/07/2026,40,40,228.6282537,48.1,1
Lita,08/07/2026,41,41,228.6282537,48.1,1
Lita,09/07/2026,42,42,228.6282537,48.1,1
Lita,10/07/2026,45,43,228.6282537,48.1,1
Logo,01/06/2026,1,0,557.0637992,198.6,0
Logo,02/06/2026,1,1,557.0637992,198.6,0
Logo,04/06/2026,2,3,557.0637992,198.6,0
Logo,05/06/2026,2,4,557.0637992,198.6,0
Logo,06/06/2026,2,5,557.0637992,198.6,0
Logo,07/06/2026,2,6,557.0637992,198.6,0
Logo,08/06/2026,2,7,557.0637992,198.6,0
Logo,09/06/2026,2,8,557.0637992,198.6,0
Logo,10/06/2026,2,9,557.0637992,198.6,0
Logo,11/06/2026,2,10,557.0637992,198.6,0
Logo,13/06/2026,2,12,557.0637992,198.6,0
Logo,14/06/2026,2,13,557.0637992,198.6,0
Logo,15/06/2026,2,14,557.0637992,198.6,1
Logo,16/06/2026,2,15,557.0637992,198.6,1
Logo,17/06/2026,2,16,557.0637992,198.6,1
Logo,18/06/2026,2,17,557.0637992,198.6,1
Logo,19/06/2026,2,18,557.0637992,198.6,1
Logo,20/06/2026,2,19,557.0637992,198.6,1
Logo,21/06/2026,2,20,557.0637992,198.6,1
Logo,22/06/2026,5,21,557.0637992,198.6,1
Logo,23/06/2026,5,22,557.0637992,198.6,1
Logo,24/06/2026,5,23,557.0637992,198.6,1
Logo,25/06/2026,7,24,557.0637992,198.6,0
Logo,29/06/2026,7,28,557.0637992,198.6,0
Logo,30/06/2026,7,29,557.0637992,198.6,0
Logo,01/07/2026,7,30,557.0637992,198.6,0
Logo,02/07/2026,7,31,557.0637992,198.6,0
Logo,03/07/2026,7,32,557.0637992,198.6,0
Logo,04/07/2026,7,33,557.0637992,198.6,0
Logo,05/07/2026,7,34,557.0637992,198.6,0
Logo,06/07/2026,7,35,557.0637992,198.6,0
Logo,07/07/2026,7,36,557.0637992,198.6,0
Logo,08/07/2026,7,37,557.0637992,198.6,0
Logo,09/07/2026,7,38,557.0637992,198.6,0
Logo,10/07/2026,7,39,557.0637992,198.6,0
Lolwa,30/06/2026,1,0,8.680921156,192.9,0
Lolwa,01/07/2026,1,1,8.680921156,192.9,0
Lolwa,02/07/2026,1,2,8.680921156,192.9,0
Lolwa,03/07/2026,1,3,8.680921156,192.9,0
Lolwa,04/07/2026,1,4,8.680921156,192.9,0
Lolwa,05/07/2026,1,5,8.680921156,192.9,0
Lolwa,06/07/2026,1,6,8.680921156,192.9,0
Lolwa,07/07/2026,1,7,8.680921156,192.9,0
Lolwa,08/07/2026,1,8,8.680921156,192.9,0
Lolwa,09/07/2026,1,9,8.680921156,192.9,0
Lolwa,10/07/2026,1,10,8.680921156,192.9,0
Mabalako,13/06/2026,1,0,224.4277532,227.7,0
Mabalako,14/06/2026,1,1,224.4277532,227.7,0
Mabalako,15/06/2026,1,2,224.4277532,227.7,0
Mabalako,16/06/2026,1,3,224.4277532,227.7,0
Mabalako,17/06/2026,1,4,224.4277532,227.7,0
Mabalako,18/06/2026,1,5,224.4277532,227.7,0
Mabalako,19/06/2026,1,6,224.4277532,227.7,0
Mabalako,20/06/2026,1,7,224.4277532,227.7,0
Mabalako,21/06/2026,1,8,224.4277532,227.7,0
Mabalako,22/06/2026,1,9,224.4277532,227.7,0
Mabalako,23/06/2026,1,10,224.4277532,227.7,0
Mabalako,24/06/2026,1,11,224.4277532,227.7,0
Mabalako,25/06/2026,1,12,224.4277532,227.7,0
Mabalako,29/06/2026,1,16,224.4277532,227.7,0
Mabalako,30/06/2026,1,17,224.4277532,227.7,0
Mabalako,01/07/2026,1,18,224.4277532,227.7,0
Mabalako,02/07/2026,1,19,224.4277532,227.7,0
Mabalako,03/07/2026,1,20,224.4277532,227.7,0
Mabalako,04/07/2026,1,21,224.4277532,227.7,0
Mabalako,05/07/2026,1,22,224.4277532,227.7,0
Mabalako,06/07/2026,1,23,224.4277532,227.7,0
Mabalako,07/07/2026,1,24,224.4277532,227.7,0
Mabalako,08/07/2026,1,25,224.4277532,227.7,0
Mabalako,09/07/2026,1,26,224.4277532,227.7,0
Mabalako,10/07/2026,1,27,224.4277532,227.7,0
Mambasa,26/05/2026,0,0,9.383051198,309.1,0
Mambasa,27/05/2026,0,0,9.383051198,309.1,0
Mambasa,01/06/2026,2,0,9.383051198,309.1,0
Mambasa,02/06/2026,2,1,9.383051198,309.1,0
Mambasa,04/06/2026,2,3,9.383051198,309.1,0
Mambasa,05/06/2026,2,4,9.383051198,309.1,0
Mambasa,06/06/2026,2,5,9.383051198,309.1,0
Mambasa,07/06/2026,2,6,9.383051198,309.1,0
Mambasa,08/06/2026,2,7,9.383051198,309.1,0
Mambasa,09/06/2026,2,8,9.383051198,309.1,0
Mambasa,10/06/2026,2,9,9.383051198,309.1,0
Mambasa,11/06/2026,2,10,9.383051198,309.1,0
Mambasa,13/06/2026,2,12,9.383051198,309.1,0
Mambasa,14/06/2026,2,13,9.383051198,309.1,0
Mambasa,15/06/2026,2,14,9.383051198,309.1,0
Mambasa,16/06/2026,2,15,9.383051198,309.1,0
Mambasa,17/06/2026,2,16,9.383051198,309.1,0
Mambasa,18/06/2026,2,17,9.383051198,309.1,0
Mambasa,19/06/2026,2,18,9.383051198,309.1,0
Mambasa,20/06/2026,2,19,9.383051198,309.1,0
Mambasa,21/06/2026,2,20,9.383051198,309.1,0
Mambasa,22/06/2026,2,21,9.383051198,309.1,0
Mambasa,23/06/2026,2,22,9.383051198,309.1,0
Mambasa,24/06/2026,2,23,9.383051198,309.1,0
Mambasa,25/06/2026,2,24,9.383051198,309.1,0
Mambasa,29/06/2026,2,28,9.383051198,309.1,1
Mambasa,30/06/2026,2,29,9.383051198,309.1,1
Mambasa,01/07/2026,2,30,9.383051198,309.1,1
Mambasa,02/07/2026,2,31,9.383051198,309.1,1
Mambasa,03/07/2026,2,32,9.383051198,309.1,1
Mambasa,04/07/2026,2,33,9.383051198,309.1,1
Mambasa,05/07/2026,2,34,9.383051198,309.1,1
Mambasa,06/07/2026,4,35,9.383051198,309.1,1
Mambasa,07/07/2026,4,36,9.383051198,309.1,1
Mambasa,08/07/2026,4,37,9.383051198,309.1,1
Mambasa,09/07/2026,5,38,9.383051198,309.1,0
Mambasa,10/07/2026,5,39,9.383051198,309.1,0
Mandima,29/06/2026,1,0,45.9588925,516.6,1
Mandima,30/06/2026,2,1,45.9588925,516.6,1
Mandima,01/07/2026,2,2,45.9588925,516.6,1
Mandima,02/07/2026,4,3,45.9588925,516.6,1
Mandima,03/07/2026,4,4,45.9588925,516.6,1
Mandima,04/07/2026,4,5,45.9588925,516.6,1
Mandima,05/07/2026,4,6,45.9588925,516.6,1
Mandima,06/07/2026,5,7,45.9588925,516.6,1
Mandima,07/07/2026,5,8,45.9588925,516.6,1
Mandima,08/07/2026,5,9,45.9588925,516.6,1
Mandima,09/07/2026,5,10,45.9588925,516.6,1
Mandima,10/07/2026,8,11,45.9588925,516.6,0
Mangala,28/05/2026,1,0,162.2684405,102.1,0
Mangala,29/05/2026,1,1,162.2684405,102.1,0
Mangala,30/05/2026,1,2,162.2684405,102.1,0
Mangala,01/06/2026,1,4,162.2684405,102.1,0
Mangala,02/06/2026,1,5,162.2684405,102.1,0
Mangala,03/06/2026,1,6,162.2684405,102.1,1
Mangala,04/06/2026,1,7,162.2684405,102.1,1
Mangala,05/06/2026,1,8,162.2684405,102.1,1
Mangala,06/06/2026,1,9,162.2684405,102.1,1
Mangala,07/06/2026,1,10,162.2684405,102.1,1
Mangala,08/06/2026,1,11,162.2684405,102.1,1
Mangala,09/06/2026,1,12,162.2684405,102.1,1
Mangala,10/06/2026,2,13,162.2684405,102.1,1
Mangala,11/06/2026,2,14,162.2684405,102.1,1
Mangala,13/06/2026,5,16,162.2684405,102.1,1
Mangala,14/06/2026,5,17,162.2684405,102.1,1
Mangala,15/06/2026,5,18,162.2684405,102.1,1
Mangala,16/06/2026,5,19,162.2684405,102.1,1
Mangala,17/06/2026,5,20,162.2684405,102.1,1
Mangala,18/06/2026,7,21,162.2684405,102.1,1
Mangala,19/06/2026,7,22,162.2684405,102.1,1
Mangala,20/06/2026,7,23,162.2684405,102.1,1
Mangala,21/06/2026,11,24,162.2684405,102.1,1
Mangala,22/06/2026,14,25,162.2684405,102.1,1
Mangala,23/06/2026,17,26,162.2684405,102.1,1
Mangala,24/06/2026,17,27,162.2684405,102.1,1
Mangala,25/06/2026,17,28,162.2684405,102.1,1
Mangala,29/06/2026,24,32,162.2684405,102.1,1
Mangala,30/06/2026,24,33,162.2684405,102.1,1
Mangala,01/07/2026,24,34,162.2684405,102.1,1
Mangala,02/07/2026,24,35,162.2684405,102.1,1
Mangala,03/07/2026,26,36,162.2684405,102.1,1
Mangala,04/07/2026,26,37,162.2684405,102.1,1
Mangala,05/07/2026,33,38,162.2684405,102.1,1
Mangala,06/07/2026,39,39,162.2684405,102.1,1
Mangala,07/07/2026,40,40,162.2684405,102.1,1
Mangala,08/07/2026,43,41,162.2684405,102.1,1
Mangala,09/07/2026,43,42,162.2684405,102.1,1
Mangala,10/07/2026,50,43,162.2684405,102.1,0
Masereka,10/06/2026,1,0,859.910963,286.4,0
Masereka,11/06/2026,1,1,859.910963,286.4,0
Masereka,13/06/2026,1,3,859.910963,286.4,0
Masereka,14/06/2026,1,4,859.910963,286.4,0
Masereka,15/06/2026,1,5,859.910963,286.4,0
Masereka,16/06/2026,1,6,859.910963,286.4,0
Masereka,17/06/2026,1,7,859.910963,286.4,0
Masereka,18/06/2026,1,8,859.910963,286.4,0
Masereka,19/06/2026,1,9,859.910963,286.4,0
Masereka,20/06/2026,1,10,859.910963,286.4,0
Masereka,21/06/2026,1,11,859.910963,286.4,0
Masereka,22/06/2026,1,12,859.910963,286.4,0
Masereka,23/06/2026,1,13,859.910963,286.4,1
Masereka,24/06/2026,1,14,859.910963,286.4,1
Masereka,25/06/2026,1,15,859.910963,286.4,1
Masereka,29/06/2026,1,19,859.910963,286.4,1
Masereka,30/06/2026,1,20,859.910963,286.4,1
Masereka,01/07/2026,1,21,859.910963,286.4,1
Masereka,02/07/2026,1,22,859.910963,286.4,1
Masereka,03/07/2026,2,23,859.910963,286.4,1
Masereka,04/07/2026,2,24,859.910963,286.4,1
Masereka,05/07/2026,3,25,859.910963,286.4,0
Masereka,06/07/2026,3,26,859.910963,286.4,0
Masereka,07/07/2026,3,27,859.910963,286.4,0
Masereka,08/07/2026,3,28,859.910963,286.4,0
Masereka,09/07/2026,3,29,859.910963,286.4,0
Masereka,10/07/2026,3,30,859.910963,286.4,0
Miti Murhesa,21/05/2026,1,0,722.6514521,647.6,1
Miti Murhesa,22/05/2026,1,1,722.6514521,647.6,1
Miti Murhesa,23/05/2026,1,2,722.6514521,647.6,1
Miti Murhesa,24/05/2026,1,3,722.6514521,647.6,1
Miti Murhesa,25/05/2026,1,4,722.6514521,647.6,1
Miti Murhesa,26/05/2026,1,5,722.6514521,647.6,1
Miti Murhesa,27/05/2026,1,6,722.6514521,647.6,1
Miti Murhesa,28/05/2026,3,7,722.6514521,647.6,1
Miti Murhesa,29/05/2026,3,8,722.6514521,647.6,1
Miti Murhesa,30/05/2026,3,9,722.6514521,647.6,1
Miti Murhesa,01/06/2026,3,11,722.6514521,647.6,1
Miti Murhesa,02/06/2026,3,12,722.6514521,647.6,1
Miti Murhesa,03/06/2026,3,13,722.6514521,647.6,1
Miti Murhesa,04/06/2026,1,14,722.6514521,647.6,1
Miti Murhesa,05/06/2026,3,15,722.6514521,647.6,1
Miti Murhesa,06/06/2026,3,16,722.6514521,647.6,1
Miti Murhesa,07/06/2026,3,17,722.6514521,647.6,1
Miti Murhesa,08/06/2026,1,18,722.6514521,647.6,1
Miti Murhesa,09/06/2026,3,19,722.6514521,647.6,0
Miti Murhesa,10/06/2026,3,20,722.6514521,647.6,0
Miti Murhesa,11/06/2026,3,21,722.6514521,647.6,0
Miti Murhesa,13/06/2026,3,23,722.6514521,647.6,0
Miti Murhesa,14/06/2026,3,24,722.6514521,647.6,0
Miti Murhesa,15/06/2026,3,25,722.6514521,647.6,0
Miti Murhesa,16/06/2026,3,26,722.6514521,647.6,0
Miti Murhesa,17/06/2026,3,27,722.6514521,647.6,0
Miti Murhesa,18/06/2026,3,28,722.6514521,647.6,0
Miti Murhesa,19/06/2026,3,29,722.6514521,647.6,0
Miti Murhesa,20/06/2026,3,30,722.6514521,647.6,0
Miti Murhesa,21/06/2026,3,31,722.6514521,647.6,0
Miti Murhesa,22/06/2026,3,32,722.6514521,647.6,0
Miti Murhesa,24/06/2026,3,34,722.6514521,647.6,0
Miti Murhesa,25/06/2026,3,35,722.6514521,647.6,0
Miti Murhesa,29/06/2026,3,39,722.6514521,647.6,0
Miti Murhesa,30/06/2026,3,40,722.6514521,647.6,0
Miti Murhesa,01/07/2026,3,41,722.6514521,647.6,0
Miti Murhesa,02/07/2026,3,42,722.6514521,647.6,0
Miti Murhesa,03/07/2026,3,43,722.6514521,647.6,0
Miti Murhesa,04/07/2026,3,44,722.6514521,647.6,0
Miti Murhesa,05/07/2026,3,45,722.6514521,647.6,0
Miti Murhesa,06/07/2026,3,46,722.6514521,647.6,0
Miti Murhesa,07/07/2026,3,47,722.6514521,647.6,0
Miti Murhesa,08/07/2026,3,48,722.6514521,647.6,0
Miti Murhesa,09/07/2026,3,49,722.6514521,647.6,0
Mongbwalu,14/05/2026,0,0,49.26880992,231.6,1
Mongbwalu,15/05/2026,0,0,49.26880992,231.6,1
Mongbwalu,18/05/2026,1,0,49.26880992,231.6,1
Mongbwalu,19/05/2026,13,1,49.26880992,231.6,1
Mongbwalu,20/05/2026,13,2,49.26880992,231.6,1
Mongbwalu,21/05/2026,14,3,49.26880992,231.6,1
Mongbwalu,22/05/2026,10,4,49.26880992,231.6,1
Mongbwalu,23/05/2026,19,5,49.26880992,231.6,1
Mongbwalu,24/05/2026,19,6,49.26880992,231.6,1
Mongbwalu,25/05/2026,19,7,49.26880992,231.6,1
Mongbwalu,26/05/2026,20,8,49.26880992,231.6,1
Mongbwalu,27/05/2026,20,9,49.26880992,231.6,1
Mongbwalu,28/05/2026,47,10,49.26880992,231.6,1
Mongbwalu,29/05/2026,47,11,49.26880992,231.6,1
Mongbwalu,30/05/2026,47,12,49.26880992,231.6,1
Mongbwalu,01/06/2026,47,14,49.26880992,231.6,1
Mongbwalu,02/06/2026,47,15,49.26880992,231.6,1
Mongbwalu,03/06/2026,47,16,49.26880992,231.6,1
Mongbwalu,04/06/2026,64,17,49.26880992,231.6,1
Mongbwalu,05/06/2026,74,18,49.26880992,231.6,1
Mongbwalu,06/06/2026,92,19,49.26880992,231.6,1
Mongbwalu,07/06/2026,98,20,49.26880992,231.6,1
Mongbwalu,08/06/2026,114,21,49.26880992,231.6,1
Mongbwalu,09/06/2026,127,22,49.26880992,231.6,1
Mongbwalu,10/06/2026,132,23,49.26880992,231.6,1
Mongbwalu,11/06/2026,136,24,49.26880992,231.6,1
Mongbwalu,13/06/2026,164,26,49.26880992,231.6,1
Mongbwalu,14/06/2026,175,27,49.26880992,231.6,1
Mongbwalu,15/06/2026,185,28,49.26880992,231.6,1
Mongbwalu,16/06/2026,189,29,49.26880992,231.6,1
Mongbwalu,17/06/2026,189,30,49.26880992,231.6,1
Mongbwalu,18/06/2026,198,31,49.26880992,231.6,1
Mongbwalu,19/06/2026,209,32,49.26880992,231.6,1
Mongbwalu,20/06/2026,220,33,49.26880992,231.6,1
Mongbwalu,21/06/2026,229,34,49.26880992,231.6,1
Mongbwalu,22/06/2026,237,35,49.26880992,231.6,1
Mongbwalu,23/06/2026,241,36,49.26880992,231.6,1
Mongbwalu,24/06/2026,245,37,49.26880992,231.6,1
Mongbwalu,25/06/2026,250,38,49.26880992,231.6,1
Mongbwalu,29/06/2026,258,42,49.26880992,231.6,1
Mongbwalu,30/06/2026,264,43,49.26880992,231.6,1
Mongbwalu,01/07/2026,270,44,49.26880992,231.6,1
Mongbwalu,02/07/2026,273,45,49.26880992,231.6,1
Mongbwalu,03/07/2026,276,46,49.26880992,231.6,1
Mongbwalu,04/07/2026,278,47,49.26880992,231.6,1
Mongbwalu,05/07/2026,288,48,49.26880992,231.6,1
Mongbwalu,06/07/2026,298,49,49.26880992,231.6,1
Mongbwalu,07/07/2026,310,50,49.26880992,231.6,1
Mongbwalu,08/07/2026,315,51,49.26880992,231.6,1
Mongbwalu,09/07/2026,327,52,49.26880992,231.6,1
Mongbwalu,10/07/2026,329,53,49.26880992,231.6,1
Musienene,16/06/2026,1,0,272.4130578,304.6,0
Musienene,17/06/2026,1,1,272.4130578,304.6,0
Musienene,18/06/2026,1,2,272.4130578,304.6,0
Musienene,19/06/2026,1,3,272.4130578,304.6,1
Musienene,20/06/2026,1,4,272.4130578,304.6,1
Musienene,21/06/2026,2,5,272.4130578,304.6,1
Musienene,22/06/2026,2,6,272.4130578,304.6,1
Musienene,23/06/2026,2,7,272.4130578,304.6,1
Musienene,24/06/2026,2,8,272.4130578,304.6,1
Musienene,25/06/2026,2,9,272.4130578,304.6,1
Musienene,29/06/2026,3,13,272.4130578,304.6,1
Musienene,30/06/2026,3,14,272.4130578,304.6,1
Musienene,01/07/2026,3,15,272.4130578,304.6,1
Musienene,02/07/2026,3,16,272.4130578,304.6,1
Musienene,03/07/2026,4,17,272.4130578,304.6,1
Musienene,04/07/2026,6,18,272.4130578,304.6,1
Musienene,05/07/2026,8,19,272.4130578,304.6,1
Musienene,06/07/2026,8,20,272.4130578,304.6,1
Musienene,07/07/2026,8,21,272.4130578,304.6,1
Musienene,08/07/2026,8,22,272.4130578,304.6,1
Musienene,09/07/2026,9,23,272.4130578,304.6,1
Musienene,10/07/2026,9,24,272.4130578,304.6,1
Nia Nia,13/06/2026,1,0,12.26201749,438.5,0
Nia Nia,14/06/2026,1,1,12.26201749,438.5,1
Nia Nia,15/06/2026,1,2,12.26201749,438.5,1
Nia Nia,16/06/2026,1,3,12.26201749,438.5,1
Nia Nia,17/06/2026,1,4,12.26201749,438.5,1
Nia Nia,18/06/2026,1,5,12.26201749,438.5,1
Nia Nia,19/06/2026,1,6,12.26201749,438.5,1
Nia Nia,20/06/2026,1,7,12.26201749,438.5,1
Nia Nia,21/06/2026,2,8,12.26201749,438.5,1
Nia Nia,22/06/2026,2,9,12.26201749,438.5,1
Nia Nia,23/06/2026,5,10,12.26201749,438.5,1
Nia Nia,24/06/2026,5,11,12.26201749,438.5,1
Nia Nia,25/06/2026,5,12,12.26201749,438.5,1
Nia Nia,29/06/2026,11,16,12.26201749,438.5,1
Nia Nia,30/06/2026,12,17,12.26201749,438.5,1
Nia Nia,01/07/2026,12,18,12.26201749,438.5,1
Nia Nia,02/07/2026,12,19,12.26201749,438.5,1
Nia Nia,03/07/2026,12,20,12.26201749,438.5,1
Nia Nia,04/07/2026,12,21,12.26201749,438.5,1
Nia Nia,05/07/2026,20,22,12.26201749,438.5,1
Nia Nia,06/07/2026,33,23,12.26201749,438.5,1
Nia Nia,07/07/2026,35,24,12.26201749,438.5,0
Nia Nia,08/07/2026,35,25,12.26201749,438.5,0
Nia Nia,09/07/2026,35,26,12.26201749,438.5,0
Nizi,21/05/2026,1,0,671.566862,27.1,0
Nizi,22/05/2026,2,1,671.566862,27.1,0
Nizi,23/05/2026,2,2,671.566862,27.1,0
Nizi,24/05/2026,2,3,671.566862,27.1,0
Nizi,25/05/2026,2,4,671.566862,27.1,0
Nizi,26/05/2026,2,5,671.566862,27.1,0
Nizi,27/05/2026,2,6,671.566862,27.1,1
Nizi,28/05/2026,2,7,671.566862,27.1,1
Nizi,29/05/2026,2,8,671.566862,27.1,1
Nizi,30/05/2026,2,9,671.566862,27.1,1
Nizi,01/06/2026,2,11,671.566862,27.1,1
Nizi,02/06/2026,2,12,671.566862,27.1,1
Nizi,03/06/2026,2,13,671.566862,27.1,1
Nizi,04/06/2026,5,14,671.566862,27.1,1
Nizi,05/06/2026,5,15,671.566862,27.1,1
Nizi,06/06/2026,5,16,671.566862,27.1,1
Nizi,07/06/2026,5,17,671.566862,27.1,1
Nizi,08/06/2026,5,18,671.566862,27.1,1
Nizi,09/06/2026,5,19,671.566862,27.1,1
Nizi,10/06/2026,7,20,671.566862,27.1,1
Nizi,11/06/2026,9,21,671.566862,27.1,1
Nizi,13/06/2026,11,23,671.566862,27.1,1
Nizi,14/06/2026,11,24,671.566862,27.1,1
Nizi,15/06/2026,16,25,671.566862,27.1,1
Nizi,16/06/2026,16,26,671.566862,27.1,1
Nizi,17/06/2026,25,27,671.566862,27.1,1
Nizi,18/06/2026,26,28,671.566862,27.1,1
Nizi,19/06/2026,26,29,671.566862,27.1,1
Nizi,20/06/2026,26,30,671.566862,27.1,1
Nizi,21/06/2026,26,31,671.566862,27.1,1
Nizi,22/06/2026,30,32,671.566862,27.1,1
Nizi,23/06/2026,30,33,671.566862,27.1,1
Nizi,24/06/2026,30,34,671.566862,27.1,1
Nizi,25/06/2026,32,35,671.566862,27.1,1
Nizi,29/06/2026,41,39,671.566862,27.1,1
Nizi,30/06/2026,61,40,671.566862,27.1,1
Nizi,01/07/2026,65,41,671.566862,27.1,1
Nizi,02/07/2026,65,42,671.566862,27.1,1
Nizi,03/07/2026,65,43,671.566862,27.1,1
Nizi,04/07/2026,72,44,671.566862,27.1,1
Nizi,05/07/2026,78,45,671.566862,27.1,1
Nizi,06/07/2026,84,46,671.566862,27.1,1
Nizi,07/07/2026,94,47,671.566862,27.1,1
Nizi,08/07/2026,104,48,671.566862,27.1,1
Nizi,09/07/2026,107,49,671.566862,27.1,1
Nizi,10/07/2026,110,50,671.566862,27.1,1
Nyankunde,18/05/2026,4,0,100.8724535,58.9,0
Nyankunde,19/05/2026,4,1,100.8724535,58.9,1
Nyankunde,20/05/2026,5,2,100.8724535,58.9,1
Nyankunde,21/05/2026,11,3,100.8724535,58.9,1
Nyankunde,22/05/2026,9,4,100.8724535,58.9,1
Nyankunde,23/05/2026,9,5,100.8724535,58.9,1
Nyankunde,24/05/2026,9,6,100.8724535,58.9,1
Nyankunde,25/05/2026,9,7,100.8724535,58.9,1
Nyankunde,26/05/2026,10,8,100.8724535,58.9,1
Nyankunde,27/05/2026,10,9,100.8724535,58.9,1
Nyankunde,28/05/2026,19,10,100.8724535,58.9,1
Nyankunde,29/05/2026,19,11,100.8724535,58.9,1
Nyankunde,30/05/2026,19,12,100.8724535,58.9,1
Nyankunde,01/06/2026,19,14,100.8724535,58.9,1
Nyankunde,02/06/2026,22,15,100.8724535,58.9,1
Nyankunde,03/06/2026,22,16,100.8724535,58.9,1
Nyankunde,04/06/2026,22,17,100.8724535,58.9,1
Nyankunde,05/06/2026,24,18,100.8724535,58.9,1
Nyankunde,06/06/2026,24,19,100.8724535,58.9,1
Nyankunde,07/06/2026,26,20,100.8724535,58.9,1
Nyankunde,08/06/2026,32,21,100.8724535,58.9,1
Nyankunde,09/06/2026,32,22,100.8724535,58.9,1
Nyankunde,10/06/2026,33,23,100.8724535,58.9,1
Nyankunde,11/06/2026,33,24,100.8724535,58.9,1
Nyankunde,13/06/2026,38,26,100.8724535,58.9,1
Nyankunde,14/06/2026,42,27,100.8724535,58.9,1
Nyankunde,15/06/2026,45,28,100.8724535,58.9,1
Nyankunde,16/06/2026,45,29,100.8724535,58.9,1
Nyankunde,17/06/2026,68,30,100.8724535,58.9,1
Nyankunde,18/06/2026,77,31,100.8724535,58.9,1
Nyankunde,19/06/2026,79,32,100.8724535,58.9,1
Nyankunde,20/06/2026,79,33,100.8724535,58.9,1
Nyankunde,21/06/2026,86,34,100.8724535,58.9,1
Nyankunde,22/06/2026,86,35,100.8724535,58.9,1
Nyankunde,23/06/2026,86,36,100.8724535,58.9,1
Nyankunde,24/06/2026,91,37,100.8724535,58.9,1
Nyankunde,25/06/2026,93,38,100.8724535,58.9,1
Nyankunde,29/06/2026,94,42,100.8724535,58.9,1
Nyankunde,30/06/2026,95,43,100.8724535,58.9,1
Nyankunde,01/07/2026,95,44,100.8724535,58.9,1
Nyankunde,02/07/2026,95,45,100.8724535,58.9,1
Nyankunde,03/07/2026,95,46,100.8724535,58.9,1
Nyankunde,04/07/2026,95,47,100.8724535,58.9,1
Nyankunde,05/07/2026,96,48,100.8724535,58.9,1
Nyankunde,06/07/2026,96,49,100.8724535,58.9,1
Nyankunde,07/07/2026,97,50,100.8724535,58.9,1
Nyankunde,08/07/2026,97,51,100.8724535,58.9,1
Nyankunde,09/07/2026,97,52,100.8724535,58.9,1
Nyankunde,10/07/2026,97,53,100.8724535,58.9,1
Oicha,24/05/2026,1,0,217.4076763,206.1,1
Oicha,25/05/2026,1,1,217.4076763,206.1,1
Oicha,26/05/2026,1,2,217.4076763,206.1,1
Oicha,27/05/2026,2,3,217.4076763,206.1,1
Oicha,28/05/2026,1,4,217.4076763,206.1,1
Oicha,29/05/2026,1,5,217.4076763,206.1,1
Oicha,30/05/2026,1,6,217.4076763,206.1,1
Oicha,01/06/2026,2,8,217.4076763,206.1,0
Oicha,02/06/2026,2,9,217.4076763,206.1,0
Oicha,03/06/2026,2,10,217.4076763,206.1,0
Oicha,04/06/2026,2,11,217.4076763,206.1,0
Oicha,05/06/2026,2,12,217.4076763,206.1,0
Oicha,06/06/2026,2,13,217.4076763,206.1,0
Oicha,07/06/2026,2,14,217.4076763,206.1,0
Oicha,08/06/2026,2,15,217.4076763,206.1,1
Oicha,09/06/2026,2,16,217.4076763,206.1,1
Oicha,10/06/2026,2,17,217.4076763,206.1,1
Oicha,11/06/2026,2,18,217.4076763,206.1,1
Oicha,13/06/2026,2,20,217.4076763,206.1,1
Oicha,14/06/2026,2,21,217.4076763,206.1,1
Oicha,15/06/2026,2,22,217.4076763,206.1,1
Oicha,16/06/2026,3,23,217.4076763,206.1,0
Oicha,17/06/2026,3,24,217.4076763,206.1,0
Oicha,18/06/2026,3,25,217.4076763,206.1,0
Oicha,19/06/2026,3,26,217.4076763,206.1,0
Oicha,20/06/2026,3,27,217.4076763,206.1,0
Oicha,21/06/2026,3,28,217.4076763,206.1,0
Oicha,22/06/2026,3,29,217.4076763,206.1,0
Oicha,23/06/2026,3,30,217.4076763,206.1,0
Oicha,24/06/2026,3,31,217.4076763,206.1,0
Oicha,25/06/2026,3,32,217.4076763,206.1,0
Oicha,29/06/2026,3,36,217.4076763,206.1,0
Oicha,30/06/2026,3,37,217.4076763,206.1,0
Oicha,01/07/2026,3,38,217.4076763,206.1,0
Oicha,02/07/2026,3,39,217.4076763,206.1,0
Oicha,03/07/2026,3,40,217.4076763,206.1,0
Oicha,04/07/2026,3,41,217.4076763,206.1,0
Oicha,05/07/2026,3,42,217.4076763,206.1,0
Oicha,06/07/2026,3,43,217.4076763,206.1,0
Oicha,07/07/2026,3,44,217.4076763,206.1,0
Oicha,08/07/2026,3,45,217.4076763,206.1,0
Oicha,09/07/2026,3,46,217.4076763,206.1,0
Oicha,10/07/2026,3,47,217.4076763,206.1,0
Rimba,26/05/2026,0,0,475.5410984,159.3,0
Rimba,27/05/2026,0,0,475.5410984,159.3,0
Rimba,02/06/2026,3,0,475.5410984,159.3,0
Rimba,04/06/2026,3,2,475.5410984,159.3,0
Rimba,05/06/2026,3,3,475.5410984,159.3,0
Rimba,06/06/2026,3,4,475.5410984,159.3,0
Rimba,07/06/2026,3,5,475.5410984,159.3,0
Rimba,08/06/2026,3,6,475.5410984,159.3,0
Rimba,09/06/2026,3,7,475.5410984,159.3,0
Rimba,10/06/2026,3,8,475.5410984,159.3,0
Rimba,11/06/2026,3,9,475.5410984,159.3,0
Rimba,13/06/2026,3,11,475.5410984,159.3,0
Rimba,14/06/2026,3,12,475.5410984,159.3,0
Rimba,15/06/2026,3,13,475.5410984,159.3,0
Rimba,16/06/2026,3,14,475.5410984,159.3,0
Rimba,17/06/2026,3,15,475.5410984,159.3,0
Rimba,18/06/2026,3,16,475.5410984,159.3,0
Rimba,19/06/2026,3,17,475.5410984,159.3,0
Rimba,20/06/2026,3,18,475.5410984,159.3,0
Rimba,21/06/2026,3,19,475.5410984,159.3,0
Rimba,22/06/2026,3,20,475.5410984,159.3,0
Rimba,23/06/2026,3,21,475.5410984,159.3,0
Rimba,24/06/2026,3,22,475.5410984,159.3,0
Rimba,25/06/2026,3,23,475.5410984,159.3,1
Rimba,29/06/2026,3,27,475.5410984,159.3,1
Rimba,30/06/2026,3,28,475.5410984,159.3,1
Rimba,01/07/2026,3,29,475.5410984,159.3,1
Rimba,02/07/2026,3,30,475.5410984,159.3,1
Rimba,03/07/2026,3,31,475.5410984,159.3,1
Rimba,04/07/2026,3,32,475.5410984,159.3,1
Rimba,05/07/2026,4,33,475.5410984,159.3,0
Rimba,06/07/2026,4,34,475.5410984,159.3,0
Rimba,07/07/2026,4,35,475.5410984,159.3,0
Rimba,08/07/2026,4,36,475.5410984,159.3,0
Rimba,09/07/2026,4,37,475.5410984,159.3,0
Rwampara,15/05/2026,13,0,378.3922622,46.9,0
Rwampara,18/05/2026,19,3,378.3922622,46.9,0
Rwampara,19/05/2026,25,4,378.3922622,46.9,1
Rwampara,20/05/2026,24,5,378.3922622,46.9,1
Rwampara,21/05/2026,31,6,378.3922622,46.9,1
Rwampara,22/05/2026,32,7,378.3922622,46.9,1
Rwampara,23/05/2026,32,8,378.3922622,46.9,1
Rwampara,24/05/2026,32,9,378.3922622,46.9,1
Rwampara,25/05/2026,32,10,378.3922622,46.9,1
Rwampara,26/05/2026,33,11,378.3922622,46.9,1
Rwampara,27/05/2026,33,12,378.3922622,46.9,1
Rwampara,28/05/2026,65,13,378.3922622,46.9,1
Rwampara,29/05/2026,65,14,378.3922622,46.9,1
Rwampara,30/05/2026,65,15,378.3922622,46.9,1
Rwampara,01/06/2026,65,17,378.3922622,46.9,1
Rwampara,02/06/2026,72,18,378.3922622,46.9,1
Rwampara,03/06/2026,76,19,378.3922622,46.9,1
Rwampara,04/06/2026,86,20,378.3922622,46.9,1
Rwampara,05/06/2026,93,21,378.3922622,46.9,1
Rwampara,06/06/2026,98,22,378.3922622,46.9,1
Rwampara,07/06/2026,111,23,378.3922622,46.9,1
Rwampara,08/06/2026,122,24,378.3922622,46.9,1
Rwampara,09/06/2026,133,25,378.3922622,46.9,1
Rwampara,10/06/2026,137,26,378.3922622,46.9,1
Rwampara,11/06/2026,142,27,378.3922622,46.9,1
Rwampara,13/06/2026,149,29,378.3922622,46.9,1
Rwampara,14/06/2026,152,30,378.3922622,46.9,1
Rwampara,15/06/2026,192,31,378.3922622,46.9,1
Rwampara,16/06/2026,172,32,378.3922622,46.9,1
Rwampara,17/06/2026,195,33,378.3922622,46.9,1
Rwampara,18/06/2026,199,34,378.3922622,46.9,1
Rwampara,19/06/2026,201,35,378.3922622,46.9,1
Rwampara,20/06/2026,211,36,378.3922622,46.9,1
Rwampara,21/06/2026,215,37,378.3922622,46.9,1
Rwampara,22/06/2026,225,38,378.3922622,46.9,1
Rwampara,23/06/2026,225,39,378.3922622,46.9,1
Rwampara,24/06/2026,237,40,378.3922622,46.9,1
Rwampara,25/06/2026,258,41,378.3922622,46.9,1
Rwampara,29/06/2026,295,45,378.3922622,46.9,1
Rwampara,30/06/2026,301,46,378.3922622,46.9,1
Rwampara,01/07/2026,308,47,378.3922622,46.9,1
Rwampara,02/07/2026,322,48,378.3922622,46.9,1
Rwampara,03/07/2026,333,49,378.3922622,46.9,1
Rwampara,04/07/2026,344,50,378.3922622,46.9,1
Rwampara,05/07/2026,349,51,378.3922622,46.9,1
Rwampara,06/07/2026,357,52,378.3922622,46.9,1
Rwampara,07/07/2026,364,53,378.3922622,46.9,1
Rwampara,08/07/2026,370,54,378.3922622,46.9,1
Rwampara,09/07/2026,373,55,378.3922622,46.9,1
Rwampara,10/07/2026,384,56,378.3922622,46.9,1
Tchomia,09/06/2026,2,0,228.7794806,83.3,0
Tchomia,10/06/2026,2,1,228.7794806,83.3,0
Tchomia,11/06/2026,2,2,228.7794806,83.3,0
Tchomia,13/06/2026,2,4,228.7794806,83.3,0
Tchomia,14/06/2026,2,5,228.7794806,83.3,1
Tchomia,15/06/2026,2,6,228.7794806,83.3,1
Tchomia,16/06/2026,5,7,228.7794806,83.3,1
Tchomia,17/06/2026,5,8,228.7794806,83.3,1
Tchomia,18/06/2026,5,9,228.7794806,83.3,1
Tchomia,19/06/2026,5,10,228.7794806,83.3,1
Tchomia,20/06/2026,5,11,228.7794806,83.3,1
Tchomia,21/06/2026,7,12,228.7794806,83.3,1
Tchomia,22/06/2026,8,13,228.7794806,83.3,1
Tchomia,23/06/2026,8,14,228.7794806,83.3,1
Tchomia,24/06/2026,9,15,228.7794806,83.3,1
Tchomia,25/06/2026,10,16,228.7794806,83.3,1
Tchomia,29/06/2026,13,20,228.7794806,83.3,1
Tchomia,30/06/2026,14,21,228.7794806,83.3,1
Tchomia,01/07/2026,14,22,228.7794806,83.3,1
Tchomia,02/07/2026,15,23,228.7794806,83.3,1
Tchomia,03/07/2026,15,24,228.7794806,83.3,1
Tchomia,04/07/2026,15,25,228.7794806,83.3,1
Tchomia,05/07/2026,15,26,228.7794806,83.3,1
Tchomia,06/07/2026,15,27,228.7794806,83.3,1
Tchomia,07/07/2026,15,28,228.7794806,83.3,1
Tchomia,08/07/2026,15,29,228.7794806,83.3,1
Tchomia,09/07/2026,17,30,228.7794806,83.3,1
Tchomia,10/07/2026,19,31,228.7794806,83.3,0
Vuhovi,10/06/2026,1,0,380.4127064,252.6,0
Vuhovi,11/06/2026,1,1,380.4127064,252.6,0
Vuhovi,13/06/2026,1,3,380.4127064,252.6,0
Vuhovi,14/06/2026,1,4,380.4127064,252.6,0
Vuhovi,15/06/2026,1,5,380.4127064,252.6,0
Vuhovi,16/06/2026,1,6,380.4127064,252.6,0
Vuhovi,17/06/2026,1,7,380.4127064,252.6,0
Vuhovi,18/06/2026,1,8,380.4127064,252.6,0
Vuhovi,19/06/2026,1,9,380.4127064,252.6,0
Vuhovi,20/06/2026,1,10,380.4127064,252.6,0
Vuhovi,21/06/2026,1,11,380.4127064,252.6,0
Vuhovi,22/06/2026,1,12,380.4127064,252.6,0
Vuhovi,23/06/2026,1,13,380.4127064,252.6,0
Vuhovi,24/06/2026,1,14,380.4127064,252.6,0
Vuhovi,25/06/2026,1,15,380.4127064,252.6,0
Vuhovi,29/06/2026,1,19,380.4127064,252.6,0
Vuhovi,30/06/2026,1,20,380.4127064,252.6,0
Vuhovi,01/07/2026,1,21,380.4127064,252.6,0
Vuhovi,02/07/2026,1,22,380.4127064,252.6,0
Vuhovi,03/07/2026,1,23,380.4127064,252.6,0
Vuhovi,04/07/2026,1,24,380.4127064,252.6,0
Vuhovi,05/07/2026,1,25,380.4127064,252.6,0
Vuhovi,06/07/2026,1,26,380.4127064,252.6,0
Vuhovi,07/07/2026,1,27,380.4127064,252.6,0
Vuhovi,08/07/2026,1,28,380.4127064,252.6,0
Vuhovi,09/07/2026,1,29,380.4127064,252.6,0
Vuhovi,10/07/2026,1,30,380.4127064,252.6,0
nan,01/06/2026,94,0,0,-1,0
nan,02/06/2026,94,0,0,-1,0
nan,03/06/2026,97,0,0,-1,0
nan,04/06/2026,94,0,0,-1,0
nan,05/06/2026,94,0,0,-1,0
nan,06/06/2026,94,0,0,-1,0
nan,07/06/2026,94,0,0,-1,0
nan,08/06/2026,94,0,0,-1,0
nan,09/06/2026,94,0,0,-1,0
nan,10/06/2026,94,0,0,-1,1
nan,11/06/2026,94,0,0,-1,1
nan,13/06/2026,94,0,0,-1,1
nan,14/06/2026,94,0,0,-1,1
nan,15/06/2026,94,0,0,-1,1
nan,17/06/2026,17,0,0,-1,1
nan,18/06/2026,0,0,0,-1,1
nan,19/06/2026,17,0,0,-1,0
nan,20/06/2026,17,0,0,-1,0
nan,21/06/2026,17,0,0,-1,0
nan,22/06/2026,17,0,0,-1,0
nan,23/06/2026,17,0,0,-1,0
nan,24/06/2026,17,0,0,-1,0
nan,25/06/2026,17,0,0,-1,0
nan,29/06/2026,17,0,0,-1,0
nan,30/06/2026,17,0,0,-1,0
nan,01/07/2026,17,0,0,-1,0
nan,02/07/2026,17,0,0,-1,0
nan,03/07/2026,17,0,0,-1,0
nan,04/07/2026,17,0,0,-1,0
nan,05/07/2026,17,0,0,-1,0
nan,06/07/2026,17,0,0,-1,0
nan,07/07/2026,17,0,0,-1,0
nan,08/07/2026,17,0,0,-1,0
nan,09/07/2026,17,0,0,-1,0
nan,10/07/2026,17,0,0,-1,0
